2019-05-28 10:20:16	B005LJ8EXU	UKP114.99	-1		78	4.8	-15.6	0|0|0|0|0|	129	119146	84			RCC7AK	iSpring RCC7AK 6-Stage Under-Sink Reverse Osmosis Drinking Water Filtration System with Alkaline Remineralization Filter - 75 GPD		Filter-Reverse-Osmosis-RO600-treatment/dp/B007ZD8TOY|Finerfilters-Domestic-Undersink-Fluoride-Drinking/dp/B01N9EZ5R3|iSpring-RCC7AK-UV-Under-Sink-Filtration-Remineralization/dp/B006T3HYQ0|Finerfilters-Domestic-Stage-Reverse-Osmosis/dp/B0798T4RTF|Water-Softener-Crown-Harveys-Installation/dp/B00D3LX820|Express-Water-ROALKUV10M-Ultraviolet-Filtration/dp/B01N0OERWZ|BRITA-Flow-water-filter-cartridge/dp/B07DWV14T8|iSpring-F7-GAC-Replacement-5-Stage-Filtration/dp/B004HL32EE|Energize-Multi-Stage-Shower-Filter-Installation/dp/B071CW9YGT|AquaTru-90AT02AT01-Reverse-Osmosis-System/dp/B01MDLMBKC|iSpring-RCC7P-AK-Performance-Filtration-Remineralization/dp/B005LKKMYS|VYAIR-Activated-Commercial-Industrial-Purification/dp/B00V536NIO|VYAIR-Purification-Ultra-Low-Pressure-Configuration-Pharmaceuticals/dp/B079R447JF|
2019-05-28 10:20:27	B006X3YJKK	UKP142.99	-1		16	5	-16	0|0|0|0|0|	39	194275	49			RCC1UP-AK	iSpring RCC1UP-AK 7-Stage Maximum Performance Under-Sink Reverse Osmosis Drinking Water Filtration System with Booster Pump Alkaline Remineralization Filter and UV Sterilizer		iSpring-RCC7-Under-Sink-Drinking-Filtration/dp/B003XELTTG|Finerfilters-Domestic-Stage-Reverse-Osmosis/dp/B0798T4RTF|Filter-Reverse-Osmosis-RO600-treatment/dp/B007ZD8TOY|iSpring-RCC7AK-UV-Under-Sink-Filtration-Remineralization/dp/B006T3HYQ0|Express-Water-ROALKUV10M-Ultraviolet-Filtration/dp/B01N0OERWZ|Finerfilters-Domestic-Undersink-Fluoride-Drinking/dp/B01N9EZ5R3|VYAIR-RO-50MP-Purification-Pharmaceuticals-Propagation/dp/B071VV95V3|iSpring-RCC7P-AK-Performance-Filtration-Remineralization/dp/B005LKKMYS|VYAIR-Activated-Commercial-Industrial-Purification/dp/B00V536NIO|VYAIR-Purification-Ultra-Low-Pressure-Configuration-Pharmaceuticals/dp/B079R447JF|Double-Inline-Filter-Housing-Reduction/dp/B072LLVV23|VYAIR-Purification-Ultra-Low-Pressure-Configuration-Pharmaceuticals/dp/B079R8X83K|
2019-05-28 10:20:36	B003XELTTG	UKP281.99	UKP281.99	A21UDXX5Y9H2U5 iSpring Water Systems Europe	23	3.9	78.2	0|0|0|0|0|	36	161401	42			RCC7	iSpring RCC7 5-Stage Under-Sink Reverse Osmosis Drinking Water Filtration System - 75 GPD		Finerfilters-Domestic-Stage-Reverse-Osmosis/dp/B0798T4RTF|APEC-5-Stage-Reverse-Drinking-Water/dp/B00I0ZGOZM|iSpring-RCC7AK-UV-Under-Sink-Filtration-Remineralization/dp/B006T3HYQ0|Filter-Reverse-Osmosis-RO600-treatment/dp/B007ZD8TOY|Express-Water-ROALKUV10M-Ultraviolet-Filtration/dp/B01N0OERWZ|Finerfilters-Domestic-Undersink-Fluoride-Drinking/dp/B01N9EZ5R3|iSpring-F22-75-Replacement-5-Stage-Filtration/dp/B005V6GP6G|iSpring-F7-GAC-Replacement-5-Stage-Filtration/dp/B004HL32EE|Yakamoz-Digital-Tester-Testing-Quality/dp/B06Y2YCKS5|MacDoDo-Professional-Temperature-0-9990ppm-Hydroponics/dp/B06ZXWXVF1|Energize-Multi-Stage-Shower-Filter-Installation/dp/B071CW9YGT|
2019-05-28 10:21:05	B003ZZUBHE	UKP159.00	UKP159.00		6	4.6	3.6	0|0|0|0|0|		68257	260				iSpring RCC7P 5-Stage Maximum Performance Reverse Osmosis Drinking Water Filtration System with Booster Pump		
2019-05-28 10:21:16	B006T3HYQ0	UKP410.99	UKP410.99	A21UDXX5Y9H2U5 iSpring Water Systems Europe	7	5.0	-7	0|0|0|0|0|	13	211040	51			RCC7AK-UV	iSpring RCC7AK-UV 7-Stage Under-Sink Reverse Osmosis Drinking Water Filtration System with Alkaline Remineralization Filter and UV Sterilizer - 75 GPD		Express-Water-ROALKUV10M-Ultraviolet-Filtration/dp/B01N0OERWZ|iSpring-RCC7-Under-Sink-Drinking-Filtration/dp/B003XELTTG|Finerfilters-Domestic-Stage-Reverse-Osmosis/dp/B0798T4RTF|Filter-Reverse-Osmosis-RO600-treatment/dp/B007ZD8TOY|APEC-5-Stage-Reverse-Drinking-Water/dp/B00I0ZGOZM|Finerfilters-Domestic-Undersink-Fluoride-Drinking/dp/B01N9EZ5R3|PH005-Shower-Filter-Refill-Kit/dp/B071DG95N2|Coldstream-Sentry-Gravity-Water-Filter/dp/B01HH8GJ84|iSpring-RCC7P-AK-Performance-Filtration-Remineralization/dp/B005LKKMYS|VYAIR-Purification-Ultra-Low-Pressure-Configuration-Pharmaceuticals/dp/B079R447JF|
2019-05-28 10:21:43	B005LKKMYS	UKP36.99	UKP36.99		10	5	-10	0|0|0|0|0|	10	16166	29				iSpring RCC7P-AK 6-Stage Maximum Performance Reverse Osmosis Drinking Water Filtration System with Booster Pump and Alkaline Remineralization Filter		
