B003XELTTG,iSpring_RCC7_$278
B00I0ZGOZM,APEC_RO50_$298
B00J2DGTD8,ExpressWater_RO5DX_$188.58
B005LJ8EXU,iSpring_RCC7AK_$320
B011AEKZCM,ExpressWater_PH_$216.18
B003ZZUBHE,iSpring_RCC7P_$358
B00NWZ1RCK,APEC_PH75_$428
B00HRHHFPW,APEC_RO90_$447
B008H71Q4C,iSpring_ICEK
B00N5D7ZFW,APEC_ICEK
B004HL32EE,F7RO
B019268SXS,CSGIM5
B0041HSOSI,FP15X50
B00TMIK5OM,Express FLTSED0550
B00439MYYE,T32M
B00Q798N8E,Express_RO132
B00AOKJDC2,HomeMaster_CounterTop1Stage_$122
B00N2941N8,Home-Master-TMHP_$698
B009AEJWZG,iSpring_CU-A4
B002XISS2Y,WATTS_UF3_$277
B00FKC3ZT6,iSpring_UVF11A
B006T3HYQ0,iSpring_RCC7AK-UV
B00N2941T2,HomeMaster_TMAFC-ERP
B00439MYYE,iSpring_T32M
B005LKKMYS,iSpring_RCC7P-AK
B010RE2538,EXPRESSWATER_RODI10MC
B010943G8O,iSpring_GA1-ORB
B007K1FDJA,iSpring_RCB3P-NT
B00LZM3F22,KES_35.20
B00A2WTLAQ,iSpring CKC1C
B00V2JMUHY,Apex Alkaline Countertop