2019-05-28 08:01:22	B005LJ8EXU	199.99	177.00		1778	4.7	0.2	1529|124|36|36|53|	779	1307	2			RCC7AK	iSpring RCC7AK 6-Stage Superb Taste High Capacity Under Under Sink Reverse Osmosis Drinking Water Filter System with Alkaline Remineralization - Natural pH WQA Gold Seal Certified (NSF/ANSI 58) White		
2019-05-28 08:01:45	B00NWZ1RCK	229.00	209.58		820	4.7	164	722|57|16|8|16|	468	7267	10			ROES-PH75	APEC Top Tier Alkaline Mineral pH+ 75 GPD 6-Stage Ultra Safe Reverse Osmosis Drinking Water Filter System (ESSENCE ROES-PH75)		
2019-05-28 08:01:56	B006T3HYQ0	268.99	195.92		421	4.6	252.6	345|34|8|8|25|	305	21324	35			RCC7AK-UV	iSpring RCC7AK-UV Deluxe Under Sink 7-Stage Reverse Osmosis Drinking Water Filtration System with Alkaline Remineralization and UV Sterilizer		
2019-05-28 08:02:02	B00HRHHFPW	229.95	225.35		1099	4.6	0.6	978|66|11|11|33|	601	5810	8			RO-90	APEC Water Systems RO-90 Ultimate Series Top Tier Supreme Certified High Output 90 GPD Ultra Safe Reverse Osmosis Drinking Water Filter System Chrome Faucet		
2019-05-28 08:02:35	B003ZZUBHE	304.64	224.35		322	4.7	64.4	270|39|6|3|3|	161	71328	118			RCC7P	iSpring RCC7P Performance-boosted Under Sink 5-Stage Reverse Osmosis Drinking Water Filtration System with Pump and Ultimate Water Softener		
2019-05-28 08:03:34	B00N5D7ZFW	16.99	6.12		240	4.5	240	182|36|10|5|7|	50	7490	2			ICEMAKER-KIT-RO-1-4	APEC Water Systems ICEMAKER-KIT-RO-1-4 Ice Maker Installation Kit For Standard 1/4&quot; Output Reverse Osmosis Systems Refrigerator and Water Filters		
2019-05-28 08:03:42	B00LZWPH4Q	457.21	457.21		23	3.9	78.2	17|3|1|0|2|	22	327538	490			RCC1UP	iSpring RCC1UP RCC1UP-N 6 Stage 100 GPD Maximum Performance UnderSink Reverse Osmosis Drinking Water Filtration System With Booster Pump And UV Sterilizer White		
2019-05-28 08:04:48	B00CHYLXLW	142.85	90.72		521	3.7	2188.2	297|83|36|21|83|	285	47951	81				Aquasana 3-Stage Under Sink Water Filter System with Brushed Nickel Faucet		
2019-05-28 08:05:33	B06WV76KVH	397.84	397.84		118	4.5	118	91|17|4|4|4|	125	88374	962			WGB22BM	iSpring WGB22BM Iron Manganese Chloride Reducing 2-Stage 80000 Gal. Big Blue Whole House Water Filter		
2019-05-28 08:05:42	B01F9A4UVU	152.75	130.00		56	4.3	100.8	42|7|0|2|5|	106	29307	341			WGB21B	iSpring WGB21B 2-Stage Whole House Water 4.5&quot;X10&quot; Big Blue 1&quot; Ports 1-Set Filter Cartridge Included		
2019-05-28 08:05:50	B00N2941OW	371.87	275.00		70	4.5	70	59|6|2|1|2|	135	81137	448			HMF2SmgCC	Home Master HMF2SMGCC Whole House 2-Stage Water Filter with Multi Gradient Sediment and KDF85/Catalytic Carbon		
2019-05-28 08:06:02	B005A3WPA0	308.38	265.74		65	4.4	91	52|10|1|0|2|	88	233861	362			HMF2SdgC	Home Master - Whole House Water Filter - 2 Stage Fine Sediment &amp; Carbon Filter		
2019-05-28 08:06:39	B008GNRMYK	446.49	364.36		165	4.0	495	111|17|12|8|18|	244	34633	57			WGB32B	iSpring WKB32B WGB32B 3-Stage Whole House Water Filtration System w/ 20-Inch Big Blue Sediment and Carbon Block Filters		
2019-05-28 08:06:44	B01FI3BLYM	268.48	446.49		165	4.5	165	111|17|12|8|18|	244	73509	60			WGB32BM	iSpring WGB32BM 3-Stage Whole House Water Filtration System w/Iron &amp; Manganese Reducing Filter		
2019-05-28 08:07:22	B079JYZ7FB	169.99	146.60	A2AB4EJKHRN74A iSpring Water Systems	11	4.5	11	9|0|2|0|0|	17	112914	1048			WCB32C	iSpring Whole House 3-Stage Water Filter System with Oversized Fine Sediment and Double Premium Carbon Block WCB32C		
2019-05-28 08:07:36	B07NZVLBBF	219.99	219.99	A2AB4EJKHRN74A iSpring Water Systems	11	4.5	11	9|0|2|0|0|	17	329978	494				iSpring Whole House 3-Stage Water Filter System with Oversized Fine Sediment and Double Premium Carbon Block w/ 3/4 inch Push-Fit Braided Stainless Steel Hose Connectors and Ball Valve		
2019-05-28 08:08:12	B07KY1MXCP	64.99	64.99	A2AB4EJKHRN74A iSpring Water Systems	72	4.5	72	62|2|3|2|3|	62	77819	64				iSpring WSP-50SL - Reusable Spin Down Sediment Water Filter w/Siliphos Alternative Water Descaler or Softener Hot Water System Protector W/Push-Fit Plumbing Fittings		
2019-05-28 08:08:18	B07KX8VZGV	59.99	59.99	A2AB4EJKHRN74A iSpring Water Systems	205	4.4	287	158|25|8|6|8|	102	84258	70				iSpring WSP-50 - Reusable Spin Down Sediment Water Filter W/Push-Fit Plumbing Fittings		
2019-05-28 08:08:28	B075ZDWVP9	58.49	53.19		72	4.5	72	62|2|3|2|3|	62	17074	13			WSP-50SL	iSpring WSP-50SL Reusable Spin Down Sediment Filter/w Siliphos Alternative Descaler or Softener Hot Water System Protector 50 Micron		
2019-05-28 08:08:56	B0744TC3PW	18.99	149.99		91	3.7	382.2	55|14|7|6|9|	158	36064	27			ED2000	iSpring ED2000 Whole House Electronic Descaler Water Conditioner Alternative Water Softener		
2019-05-28 08:09:04	B003Z96GR4	199.99	199.99	A3MVT1IQCIKFHA Eddy Water Descalers	450	3.9	1530	243|68|36|27|77|	310	17436	13			ED6002P-US	Eddy Electronic Water Descaler - Water Softener Alternative		
2019-05-28 08:09:24	B004HL32EE	36.86	32.38		527	4.3	948.6	427|37|16|16|32|	94	2176	11			7PK-GAC	iSpring 7PK-GAC F7-GAC Filter Replacement Supply Set for 5-Stage Reverse Osmosis RO Water Filtration Systems 1-year Supply		
2019-05-28 08:09:34	B00SSA7OBM	49.95	39.48		107	4.6	64.2	92|9|2|1|3|	22	8853	65			FILTER-SET-ESX2	APEC Water Systems FILTER-SET-ESX2 2 Sets of High Capacity Replacement Pre-Filter Sets For Essence Series Reverse Osmosis Water Filter System Stage 1-3		
2019-05-28 08:09:52	B00NQF490I	22.86	17.71		49	4.1	127.4	32|10|2|3|2|	8	24723	151			F3	iSpring F3 10-inch Universal Replacement Set Cartridges for Reverse Osmosis and 3-Stage Water Filtration Systems Sediment Granular Activated Carbon Block Filters		
2019-05-28 08:10:12	B00BOAYUO2	119.86	119.86		231	4.1	600.6	182|16|9|5|18|	52	20549	131			F19K75	iSpring F19K75 2-Year Filter Replacement Supply Set For 6-Stage Reverse Osmosis Water Filtration Systems		
2019-05-28 08:10:22	B00FBLGD1S	24.38	24.38		105	3.6	483	68|4|5|4|23|	70	12029	76			FA15	iSpring FA15 10-inch Inline 3-Layer Alkaline Replacement Water Filter Cartridge with Mineral balls Calcite and Corosex		
2019-05-28 08:10:29	B005V6GP6G	97.27	81.03		136	4.3	244.8	112|11|1|7|5|	27	23743	146			F22-75	iSpring F22-75 3-Year 75GPD Filter Replacement Supply Set For 5-Stage Reverse Osmosis Water Filtration Systems		
2019-05-28 08:11:08	B07787L89H	36.90	36.90	A3UP5KJ03H63C6 DuranRyan	204	2.8	1591.2	145|31|12|2|14|	83	6458	1			43239-95036	ESOW Kitchen Water Filter Faucet 100% Lead-Free Drinking Water Faucet Fits most Reverse Osmosis Units or Water Filtration System in Non-Air Gap Stainless Steel 304 Body Brushed Nickel Finish		
2019-05-28 08:11:20	B012FWV2XY	25.99	19.16	A2DPVSZ9VX4HS8 UFaucet	369	4.1	959.4	229|52|22|18|48|	113	10376	34			FBA_3947777	Ufaucet Modern Best Stainless Steel Brushed Nickel Kitchen Bar Sink Drinking Water Purifier Faucet Commercial Water Filtration Faucet		
2019-05-28 08:11:31	B07HKQLZYH	38.99	38.99	A2AB4EJKHRN74A iSpring Water Systems	6	2.8	46.8	3|1|1|0|1|		215257	971				iSpring GA1-SS Stainless Steel Kitchen Bar Sink Reverse Osmosis RO Filtration Drinking Water Faucet Lead-Free in Brushed Nickel Finish		
2019-05-28 08:11:45	B07K7SL8R1	55.99	55.99	A2AB4EJKHRN74A iSpring Water Systems		4.3	0	0|0|0|0|0|		372676	1727				iSpring GA1-HS Premium Stainless Steel Kitchen Bar Sink Reverse Osmosis RO Filtration Drinking Water Faucet Lead-Free in Brushed Nickel Finish.		
2019-05-28 08:12:16	B00L1OCLVK	42.22	17.74		310	4.5	310	254|31|12|3|9|	106	38584	4			FAUCET-CD-COKE-NP	APEC Water Systems FAUCET-CD-COKE-NP Kitchen Drinking Water Designer Faucet for Reverse Osmosis and Water Filtration Systems Non-Air Gap Lead-Free Brushed Nickel		
2019-05-28 08:12:26	B00XLXO7Y8	39.99	39.99	A240VLH05F6IET R2O Water	143	2.8	1115.4	116|9|9|3|7|	53	74936	330			FA-05-BN-NAG-FW148	Metpure Reverse Osmosis Faucet Non-airgap RO Filtration System Coke Style NSF 100% Lead Free Water Dispenser Spout (Brushed Nickel) With Faucet Wrench RO-FW148		
2019-05-28 08:12:36	B007VHHL8Y	40.99	40.99		149	4.5	149	113|16|9|7|3|	34	66036	291			KS3195NML	Kingston Brass KS3195NML Magellan Design 1/4 Turn Water Filter Faucet Oil Rubbed Bronze		
2019-05-28 08:13:31	B008EMJVL0	66.98	64.45		39	3.3	226.2	25|4|1|4|5|	4	246178	1149			3810422	Purenex 5M-50PK-1 5 Micron 10-Inch by 2.5-Inch Sediment Filter Cartridges 50-Pack		
2019-05-28 08:13:49	B00IDBZ1A2	17.18	8.32		216	4.0	648	147|26|11|9|24|	40	69994					iSpring TDS 3-Button Digital Water Quality Test Meter with Temperature Test Function		
2019-05-28 08:14:01	B002C0A7ZY	13.99	12.31		3107	4.4	4.2	2175|497|155|62|217|	397	1696	80			TDS-EZ	HM Digital TDS-EZ Water Quality TDS Tester 0-9990 ppm Measurement Range 1 ppm Resolution 3% Readout Accuracy		
2019-05-28 08:14:12	B00HAKAFGC	13.97	13.97		713	4.2	1568.6	492|121|21|29|50|	106	141585	49			TDS-001	Digital Aid Professional TDS EC &amp; Temperature Meter. 3 in 1. Professional Quality TDS Meter:0-9990ppm. Accurate and Reliable Water Test Meter. Ideal for Drinking Water Aquariums. With Leather Case.		
2019-05-28 08:14:25	B07KLDRJKQ	30.99	24.89		12	4.0	36	7|3|0|0|2|	12	74513	60				iSpring DF2-CHR Faucet Mount Water Unparalleled Contaminants Removal 500GAL Filter Life 1.5GPM Filtration Rate Chrome W/Aerator		
2019-05-28 08:14:39	B00006WNMI	21.48	12.49		2988	3.7	8.4	1464|598|299|239|388|	242	8313	14			FM-15A	Culligan FM-15A Faucet Mount Filter with Advanced Water Filtration White Finish		
2019-05-28 08:14:56	B004I51LEW	19.79	6.86		41	3.8	155.8	21|9|3|5|3|	13	100306	72			GB1	iSpring GB1 Standard Reverse Osmosis RO Water Filter Faucet silver		
2019-05-28 08:15:10	B004I51U52	28.59	28.59	A2AB4EJKHRN74A iSpring Water Systems	3	4.1	7.8	0|3|0|0|0|		833588	340			GS1	iSpring GS1 RO Faucet Silver Chrome		
2019-05-28 08:15:19	B004I4WOKI	29.83	29.83		13	4.1	33.8	11|0|1|1|0|		824210	4092			GS3	iSpring GS3 3 Lever Silver Chrome Drinking Water Reverse Osmosis Faucet sliver		
2019-05-28 08:15:39	B0018MXG96	40.22	17.35		261	3.8	991.8	131|47|26|21|37|	50	204958	1082			116101	Watts Premier 116101 Air-Gap Standard Non-Monitored Faucet for Water Filtration System Long Reach Lead Free Auxiliary Brushed Nickel		
2019-05-28 08:16:15	B0041M306Y	229.99	229.99		27	4.0	81	21|2|1|2|1|	22	345662	516			RCC7D	iSpring RCC7D 75 GPD Reverse Osmosis Water System w/Zero TDS Deionizer Filter		
2019-05-28 08:16:39	B009EDZQMQ	36.99	36.99		67	4.1	174.2	44|8|8|2|5|	49	48655	33			CKC1W	iSpring CKC1 countertop water filter White Housing with Carbon		
2019-05-28 08:18:49	B01JTKQ9II	14.99	14.99		18	3.2	111.6	10|0|3|0|5|	3	111656	145			SF1W	iSpring SF1W Stylish Multi-Stage High Output Shower Head Filter with Replaceable Cartridge to Remove Chlorine Sediment and Heavy Minerals White		
2019-05-28 08:18:58	B01G7AZB96	33.86	31.19		2589	4.3	3.6	1968|233|104|78|207|	494	233	2			SF220	AquaBliss High Output Universal Shower Filter with Replaceable Multi-Stage Filter Cartridge &ndash; Transform Itching Eczema &amp; Acne into Glowing Hair Nails &amp; Skin Fast - Chrome (1 Pack)		
2019-05-28 08:19:17	B07588PTJR	26.99	-1		137	4	411	86|18|11|5|16|	41	208769	215			HSF101	Homspal 10-Stage Shower Water Filter with 2 Cartridges - For Any Shower Head and Handheld Shower - Removing Chlorine Heavy Metals and Sulfur Odor from Water		
2019-05-28 08:19:29	B00EA38992	48.41	45.99		10	4.2	22	7|1|0|0|2|	5	686806	887			HB18B	iSpring HB18B Water Filter Housing 4.5X10 in. Big Blue 1-in. NPT Ports Heavy Duty		
2019-05-28 08:19:37	B00EA3M60U	79.42	79.42		10	4.2	22	7|1|0|0|2|	5	381479	220			HB28B	ISPRING HB28B 20-Inch Big Blue Water Filter Housing 1-Inch Outlet/Inlet Heavy Duty		
2019-05-28 08:19:43	B00439I86C	201.69	169.90		38	3.4	205.2	27|3|3|0|5|	46	359940	534			T20M	iSpring T20M 20 Gallon Water Storage Tank for Well and Reverse Osmosis RO with 14 Gallon Capacity White		
2019-05-28 08:20:03	B00439MYYE	29.06	22.12		538	4.4	753.2	398|70|22|16|32|	97	3384	6			T32M	iSpring T32M Pressurized Water Storage Tank with with Ball Valve for Reverse Osmosis RO Systems 4 Gallon		
2019-05-28 08:20:10	B00Q798N8E	39.99	39.99		498	4.5	498	403|50|15|10|20|	81	16218	29			RO132-TNK	RO Expansion Tank 4 Gallon &ndash; NSF Certified &ndash; Compact Reverse Osmosis Water Storage Pressure Tank by tankRO &ndash; with Free Tank Ball Valve		
2019-05-28 08:21:12	B01LW9ACTQ	49.99	465.36		5	4.7	1	4|0|0|0|1|	4	398731	3508			FLTWH2045K	Express Water &ndash; Kinetic Degradation Fluxion Replacement Filter &ndash; KDF Catalytic Carbon Large Capacity Water Filter &ndash; Whole House Heavy Metal Filtration &ndash; 4.5&rdquo; x 20&rdquo; inch		
2019-05-28 08:21:45	B005A3WQU4	121.25	121.25		17	4.1	44.2	14|2|0|0|1|	9	39593	468				Home Master CFRFFE-20BB Radial Flow Iron Reducing Replacement Water Filter White		
2019-05-28 08:21:57	B00FKC3ZT6	125.65	81.63		46	3.9	156.4	31|3|2|4|6|	46	117824	206			UVF11A	iSpring UVF11A 10-INCH Ultra Violet UV Sterilizer with Smart Flow Control Switch 11W 110V		
2019-05-28 08:22:20	B01I275T4E	69.99	69.99	A2FK9SWWGDTINQ Express Water	9	4.0	27	8|0|0|0|1|	32	201416	322			FLTUV110BCH	Express Water &ndash; Ultraviolet Water Filter &ndash; UV Light Purifier &ndash; 12 inch Housing with 10 inch Bulb &ndash; Under Sink and Reverse Osmosis System Sterilizer		
2019-05-28 08:22:33	B01MY2SAJV	135.00	69.05		6	3.6	27.6	4|0|0|2|0|	14	309610	1359			UG-UVSET-1-4	APEC Water Systems UV Ultra Violet Sterilizer Water Filter Kit with 1/4&quot; Quick Connect UG-UVSET-1-4		
2019-05-28 08:23:31	B00Y9KG2V8	32.99	28.12	A266OR1KH3CODO Greenspring	447	4.1	1162.2	264|67|36|22|58|	88	30262	28			G-89057N	Greenspring Bathroom Bowl Vessel Sink Faucet Commercial Tall Body Single Handle One Hole Deck Mount Stainless Steel Brushed Nickel		
2019-05-28 08:23:43	B0041KZEGA	74.84	70.77		76	4.3	136.8	62|10|2|1|1|	33	27420	209			FP25X25	iSpring FP25X25 5 Micron 20-Inch X 2.5-Inch Sediment Filter Replacement Cartridges 25-Pack		
2019-05-28 08:23:50	B079P875FQ	138.50	98.84		16	4.6	9.6	11|4|1|0|0|	17	89928	167			RTW5	PureDrop RTW5 Under Under Sink 5 Stage Reverse Osmosis Drinking Water Filtration System with Extra Pre-Filter Set		
2019-05-28 08:24:21	B0063IYTP0	72.09	69.99		204	4.3	367.2	155|35|4|2|8|	35	97041	120			FP120X50	iSpring FP120X50 Multi-Layer Universal Sediment Filter Cartridges 15000 gal 20 Micron 10&quot; x 2.5&quot; 50-pack Micro White		
2019-05-28 08:24:29	B01LYF3OXM	76.99	76.99		21	4.8	-4.2	16|5|0|0|0|	7	42834	347				Ronaqua 50 Pack of Melt-blown Four Layers Filtration Polypropylene Sediment Filters 10&quot;x 2.5&quot; (20 Micron)		
2019-05-28 08:24:49	B0144MFPOA	99.95	99.95		1104	4.6	0.6	850|155|33|22|44|	489	4670	7			Woder-10K-S-Q12-DC	Woder 10K-Gen3 Ultra High Capacity Direct Connect Water Filtration System - Under Sink Filter Premium Class I - Removes Chlorine Lead Chromium 6 Heavy Metals Bad Tastes Odors And Contaminants		
2019-05-28 08:25:09	B000923524	119.95	119.95	A1TFR6GF6R7DW5 CuZn Water & Air Filters	658	4.8	-131.6	605|33|7|7|7|	395	6013	3				CuZn UC-200 Under Counter Water Filter - 50K Ultra High Capacity - Made in USA		
2019-05-28 08:26:13	B005LJ8EXU	199.99	142.74		1778	4.7	0.2	1529|124|36|36|53|	779	1307	2			RCC7AK	iSpring RCC7AK 6-Stage Superb Taste High Capacity Under Under Sink Reverse Osmosis Drinking Water Filter System with Alkaline Remineralization - Natural pH WQA Gold Seal Certified (NSF/ANSI 58) White		
2019-05-28 08:26:31	B00026F9F8	219.00	219.00	A2FQLKU8W8FBYH Nutriteam Inc.	879	4.6	527.4	686|114|26|18|35|	263	57980	21				Megahome Countertop Water Distiller White Glass Collection		
2019-05-28 08:27:39	B00N5D7ZFW	16.99	6.12		240	4.5	240	182|36|10|5|7|	50	7566	2			ICEMAKER-KIT-RO-1-4	APEC Water Systems ICEMAKER-KIT-RO-1-4 Ice Maker Installation Kit For Standard 1/4&quot; Output Reverse Osmosis Systems Refrigerator and Water Filters		
2019-05-28 08:27:46	B002RZXY5O	86.57	-1		165	4.2	363	112|23|8|7|15|	84	155756	431				Big Berkey Water Filter System With 2 9-Inch White Ceramic Filters and 2 PF-4 Fluoride Filters		
2019-05-28 08:06:39	B008GNRMYK	446.49	364.36		165	4.0	495	111|17|12|8|18|	244	34633	57			WGB32B	iSpring WKB32B WGB32B 3-Stage Whole House Water Filtration System w/ 20-Inch Big Blue Sediment and Carbon Block Filters		
