B005LJ8EXU,RCC7AK_Eric
B003XELTTG,RCC7
B00I0ZGOZM,APEC_RO50
B00NWZ1RCK,APEC_PH75
B006T3HYQ0,RCC7AK-UV_Eric
B00HRHHFPW,APEC_RO90
B00J2DGTD8,ExpressWater_RO5DX
B005LKKMYS,RCC7P-AK_Eric
B003ZZUBHE,RCC7P_Eric
B00SGGT14Q,APEC_PH90
B008H71Q4C,ICEK_Carole
B00N5D7ZFW,APEC_ICEK
B00LZWPH4Q,RCC1UP
B00PEDWH4K,RCC100P_Carole
B00HSV2WZA,APEC_PERM90
B00O2BOZ7M,APEC_UV75
B009AEJWZG,CU-A4_Carole
B07CHXVRS5,US31_Eric
B00TT9I2PS,APEC WFS-1000
B00CHYLXLW,Aquasana_AQ-5300
B00PCRSD7I,RCS5T_Carole
B007K1FDJA,RCB3P_Eric
B07FKGLQTL,CUW4_Carole
B00LBHIW8S,WGB22B_Eric
B06WV76KVH,WGB22BM
B01F9A4UVU,WGB21B_Eric
B00N2941OW,HMF2SMGCC
B005A3WPA0,HMF2SDGC
B008GNRMYK,WGB32B_Joy
B01FI3BLYM,WGB32BM
B005A3WOOC,HMF3SDGFEC
B01LFLQTOI,ExpressWater_WH300SCGS
B01LFMTYBM,ExpressWater_KDF
B079JYZ7FB,WCB32C_Joy
B079K33TK6,WCB32O_Joy
B07NZVLBBF,WCB32C+hose
B00B1HZ0QU,UVF55_Joy
B0110LTDDM,55WUV_WholesaleMarket
B072YVNRZN,WSP50_Eric
B07KY1MXCP,WSP50SLPF_Eric
B07KX8VZGV,WSP50PF_Eric
B075ZDWVP9,WSP50SL_Eric
B07D4R7BPQ, WSP50GR_Eric
B0744TC3PW,ED2000_Eric
B003Z96GR4,EDDY
B00K80MWVM,SB75
B004HL32EE,F7GAC_$35_Sonny
B01NAMVLDY,F4_Sonny
B00SSA7OBM,APEC_F3X2_$50
B00I11HUGW,APEC_F3_$32
B00NQF490I,F3_Sonny
B0070YBWPQ,F5-75_Carole
B00BOAYUO2,F19K75_Sonny
B00FBLGD1S,FA15_Eric
B005V6GP6G,F22-75_Sonny
B00BOASJ1M,F9K_Sonny
B00I5WSO8A,APEC_F5_$75
B00FZ2HAY2,GA1-BN_Joy
B07787L89H,ESOW_$29.98
B012FWV2XY,Ufaucet
B07HKQLZYH,GA1-SS
B07K7SL8R1,GA1-HS
B00L1OCLXI,APEC_FAUCET-CD-NP
B01095D3AO,GK1_Joy
B00L1OCLVK,APEC_FAUCET-CD-COKE-NP
B00XLXO7Y8,MetPure_$42_71_4.5
B007VHHL8Y,Kingston_$41.99
B0747M6HYN,Water Filter Tech
B0041HSOSI,FP15X50
B008EMJVL0,Purenex 5M-50PK
B00TMIK5OM,ExpressWater-FLTSED0550
B00IDBZ1A2,TDS3_$13_Sonny
B002C0A7ZY,HMDigital_$15
B00HAKAFGC,DigitalAid_TDS&EC_$23
B0002T6L5M,HMDigital_TDS-4_$22.78
B07KLDRJKQ,DF2-CHR
B00006WNMI,Culligan_FM-15A
B007VZ2LMM,DuPont_WFFM350XCH
B004I51LEW,GB1_Joy
B004I51U52,GS1
B004I4WOKI,GS3_Joy
B074TR613K,Aquaboon
B0018MXG96,Watts
B0041M39B0,WCB32_Eric
B004N21ESI,FPFCFG25X4
B00A8L02RC,WKB12B_Eric
B0041M306Y,RCC7D_Carole
B00A2WTLAQ,CKC1C_Carole
B009EDZQMQ,CKC1W
B01MTB0IGA,Ecosoft
B06XB1J33R,CT10
B000W9Q0GC,New-Wave-Enviro
B01GXR4SWY,Ecosoft-Countertop
B00V2JMUHY,APEX-Countertop
B01JTKQ78U,SF1S_Carole
B01JTKQ9II,SF1W_Carole
B01G7AZB96,AquaBliss SF220
B01M03C6PO,CaptainEco SF001
B07588PTJR,Homspal
B00EA38992,HB18B_Eric
B00EA3M60U,HB28B_Eric
B00439I86C,T20M_Sonny
B0043BKSMM,T11M_Sonny
B00439MYYE,T32M_Sonny
B00Q798N8E,ExpressWater_RO132TNK
B01CES39N0,T55M_Sonny
B00LU28SHE,APEC TANK-4
B00BOBTG0E,F10KU_Sonny
B00BOCDJGK,F21KU75_Eric
B01A05Q3MI,FM25B_Joy
B01DE6UWL8,FCRC25B
B0776ZLQ1V,F3WGB32BM
B01LW9ACTQ,ExpressWater KDF&catalytic
B00PP66VC0,Homemaster KDF&catalytic
B005A3WQFY,HomeMaster CFRFGAC20-20BB
B005A3WQU4,HomeMaster IRON removal
B00FKC3ZT6,UVF11A_Carole
B0110LTT1I,WholesaleMarketUV1G6W
B01I275T4E,ExpressWaterUV
B01MY2SAJV,APEC UV filter
B00AB1Z7HY,L8114BN_Joy
B00AAL01O4,L8205BN
B01LWP23Z3,Decorstar_$54.95
B00Y9KG2V8,Greenspring
B00AAL01O4,L8205CHR
B0041KZEGA,FP25X25_Sonny
B079P875FQ,RTW5_Sonny
B07F72FWJM,ROG400_Sonny
B004N283GY,FP15X8_Sonny
B0063IYTP0,FP120X50_Sonny
B01LYF3OXM,Ronaqua50pack
B003XELTTG,iSpring_RCC7
B00I0ZGOZM,APEC_RO50
B0144MFPOA,Woder10K
B008H71Q4C,iSpring_ICEK
B000923524,CuZn_UC200
B00MPGRUNW,Woder_Capacity
B01NBGOW9E,EcoPureEPUSW
B01JIRLRXY,Culligan_WHHD200
B005LJ8EXU,iSpring_RCC7AK
B00439MYYE,iSpring_T32M
B00026F9F8,Megahome_CountertopDistiller
B06XD2KN2G,OlympiaROS50
B00Q798N8E,ExpressWaterTank4
B006T3HYQ0,iSpring_RCC7AKUV
B00N2941T2,HomeMaster_TMAFCERP
B00BA9DE94,Omnipure_K2533JJ
B01M0CZVP6,SawyerProducts_SP2105
B00TT9I2PS,APEC_WFS1000
B00N5D7ZFW,APEC_ICEMAKER
B002RZXY5O,BerkeyCeramicFiltersFluoride
B008GNRMYK, WGB32B_Joy
B01LFLQTOI, Express Water_WH300SCGS
B01LFMTYBM, Express Water_WH300SCKS