<?xml version="1.0" encoding="UTF-8"?>
<GetMyFeesEstimateResponse xmlns="http://mws.amazonservices.com/schema/Products/2011-10-01">
   <GetMyFeesEstimateResult>
        <FeesEstimateResultList>
            <FeesEstimateResult>
                <Status>String</Status>
                <FeesEstimateIdentifier>
                    <MarketplaceId>String</MarketplaceId>
                    <SellerId>String</SellerId>
                    <IdType>String</IdType>
                    <IdValue>String</IdValue>
                    <IsAmazonFulfilled>true</IsAmazonFulfilled>
                    <PriceToEstimateFees>
                        <ListingPrice>
                        <CurrencyCode>String</CurrencyCode>
                        <Amount>100</Amount>
                        </ListingPrice>
                        <Shipping>
                        <CurrencyCode>String</CurrencyCode>
                        <Amount>100</Amount>
                        </Shipping>
                        <Points>
                        <PointsNumber>1</PointsNumber>
                        <PointsMonetaryValue>
                        <CurrencyCode>String</CurrencyCode>
                        <Amount>100</Amount>
                        </PointsMonetaryValue>
                        </Points>
                    </PriceToEstimateFees>
                    <SellerInputIdentifier>String</SellerInputIdentifier>
                </FeesEstimateIdentifier>
                <FeesEstimate>
                    <TimeOfFeesEstimation>1969-07-21T02:56:03Z</TimeOfFeesEstimation>
                    <TotalFeesEstimate>
                        <CurrencyCode>String</CurrencyCode>
                        <Amount>100</Amount>
                    </TotalFeesEstimate>
                    <FeeDetailList>
                        <FeeDetail>
                        <FeeType>String</FeeType>
                        <FeeAmount>
                        <CurrencyCode>String</CurrencyCode>
                        <Amount>100</Amount>
                        </FeeAmount>
                        <FeePromotion>
                        <CurrencyCode>String</CurrencyCode>
                        <Amount>100</Amount>
                        </FeePromotion>
                        <TaxAmount>
                        <CurrencyCode>String</CurrencyCode>
                        <Amount>100</Amount>
                        </TaxAmount>
                        <FinalFee>
                        <CurrencyCode>String</CurrencyCode>
                        <Amount>100</Amount>
                        </FinalFee>
                        <IncludedFeeDetailList>
                        
                        </IncludedFeeDetailList>
                        </FeeDetail>
                    </FeeDetailList>
                </FeesEstimate>
                <Error>
                    <Type>String</Type>
                    <Code>String</Code>
                    <Message>String</Message>
                    <Detail>
                        <Any><any-xml></any-xml></Any>
                    </Detail>
                </Error>
            </FeesEstimateResult>
        </FeesEstimateResultList>
    </GetMyFeesEstimateResult>
   <ResponseMetadata>
        <RequestId>String</RequestId>
    </ResponseMetadata>
</GetMyFeesEstimateResponse>
