<?xml version="1.0" encoding="UTF-8"?>
<GetServiceStatusResponse xmlns="http://mws.amazonservices.com/schema/Products/2011-10-01">
   <GetServiceStatusResult>
        <Status>
        </Status>
        <Timestamp>1969-07-21T02:56:03Z</Timestamp>
        <MessageId>String</MessageId>
        <Messages>
            <Message>
                <Locale>String</Locale>
                <Text>String</Text>
            </Message>
        </Messages>
    </GetServiceStatusResult>
   <ResponseMetadata>
        <RequestId>String</RequestId>
    </ResponseMetadata>
</GetServiceStatusResponse>
